[
  {
    "repository": "motedon/vuzinski.me",
    "owner": "motedon",
    "path": "BlackArch whole collection/blackarch-threat-model.md",
    "html_url": "https://github.com/motedon/vuzinski.me/blob/a27ff93216268217dd7505eb22ba6876549aac60/BlackArch%20whole%20collection/blackarch-threat-model.md",
    "download_url": null,
    "size": null,
    "sha": "7252dc69169abda0336fc2b636a0a3dc5ab353b6",
    "downloaded": false
  },
  {
    "repository": "GS1Ned/studio",
    "owner": "GS1Ned",
    "path": "docs/archive/github-ISA-FullStack-Synced 3/docs/security/iam_threat_model.md",
    "html_url": "https://github.com/GS1Ned/studio/blob/f3cfe4e33e6dc8ff2a59cf0a57f6060407beba4e/docs/archive/github-ISA-FullStack-Synced%203/docs/security/iam_threat_model.md",
    "download_url": null,
    "size": null,
    "sha": "55b8e495796f47417d520dd1b8725044f17b39e6",
    "downloaded": false
  },
  {
    "repository": "varunteja007006/Practice",
    "owner": "varunteja007006",
    "path": "Practice Notes/09_ThreatModel.md",
    "html_url": "https://github.com/varunteja007006/Practice/blob/f505c73650ab0acbfd201f1a5e9eef0498d3c21f/Practice%20Notes/09_ThreatModel.md",
    "download_url": null,
    "size": null,
    "sha": "61b7500fd02d0c852e446f79e50026ed8cf37fa5",
    "downloaded": false
  },
  {
    "repository": "ym2011/SecurityMind",
    "owner": "ym2011",
    "path": "信息安全管理/01-SDLC体系建设/Microsoft Threat Modeling Tool/threat-modeling-models/MobileThreatFails.md",
    "html_url": "https://github.com/ym2011/SecurityMind/blob/57c6327f3433451fe210d2a573c09e6f2b2695c2/%E4%BF%A1%E6%81%AF%E5%AE%89%E5%85%A8%E7%AE%A1%E7%90%86/01-SDLC%E4%BD%93%E7%B3%BB%E5%BB%BA%E8%AE%BE/Microsoft%20Threat%20Modeling%20Tool/threat-modeling-models/MobileThreatFails.md",
    "download_url": null,
    "size": null,
    "sha": "811c096661455af9ea16e1cea57b735234c68f0a",
    "downloaded": false
  },
  {
    "repository": "HuggingAGI/HuggingArxiv",
    "owner": "HuggingAGI",
    "path": "papers/2024年10月/2024年10月21日/A_Realistic_Threat_Model_for_Large_Language_Model_Jailbreaks.md",
    "html_url": "https://github.com/HuggingAGI/HuggingArxiv/blob/7a56c184b8d394c7530f9e600008302b39fe1858/papers/2024%E5%B9%B410%E6%9C%88/2024%E5%B9%B410%E6%9C%8821%E6%97%A5/A_Realistic_Threat_Model_for_Large_Language_Model_Jailbreaks.md",
    "download_url": null,
    "size": null,
    "sha": "d2f3bf4c9ec442475301344f8440fcb9114543c4",
    "downloaded": false
  },
  {
    "repository": "HuggingAGI/HuggingArxiv",
    "owner": "HuggingAGI",
    "path": "papers/2024年07月/2024年07月20日/Operationalizing_a_Threat_Model_for_Red-Teaming_Large_Language_Models_(LLMs).md",
    "html_url": "https://github.com/HuggingAGI/HuggingArxiv/blob/7a56c184b8d394c7530f9e600008302b39fe1858/papers/2024%E5%B9%B407%E6%9C%88/2024%E5%B9%B407%E6%9C%8820%E6%97%A5/Operationalizing_a_Threat_Model_for_Red-Teaming_Large_Language_Models_(LLMs).md",
    "download_url": null,
    "size": null,
    "sha": "300a86d039ba5d45dcb170f3d654bee752a2cc0c",
    "downloaded": false
  },
  {
    "repository": "aw-junaid/Hacking-Tools",
    "owner": "aw-junaid",
    "path": "Penetration Testing/CheatSheetSeries/cheatsheets/Threat_Modeling_Cheat_Sheet.md",
    "html_url": "https://github.com/aw-junaid/Hacking-Tools/blob/2a22a1a9cfae57405da6a6f46fe9130b36a393b1/Penetration%20Testing/CheatSheetSeries/cheatsheets/Threat_Modeling_Cheat_Sheet.md",
    "download_url": null,
    "size": null,
    "sha": "b598d174972732c0c70ac33f2356f77196f7563b",
    "downloaded": false
  },
  {
    "repository": "HuggingAGI/HuggingArxiv",
    "owner": "HuggingAGI",
    "path": "papers/2024年06月/2024年06月16日/Threat_Modelling_and_Risk_Analysis_for_Large_Language_Model_(LLM)-Powered_Applications.md",
    "html_url": "https://github.com/HuggingAGI/HuggingArxiv/blob/7a56c184b8d394c7530f9e600008302b39fe1858/papers/2024%E5%B9%B406%E6%9C%88/2024%E5%B9%B406%E6%9C%8816%E6%97%A5/Threat_Modelling_and_Risk_Analysis_for_Large_Language_Model_(LLM)-Powered_Applications.md",
    "download_url": null,
    "size": null,
    "sha": "e1786752955950077307ccc98eee08da324f7148",
    "downloaded": false
  },
  {
    "repository": "HuggingAGI/HuggingArxiv",
    "owner": "HuggingAGI",
    "path": "papers/2024年05月/2024年05月10日/Risks_of_Practicing_Large_Language_Models_in_Smart_Grid_Threat_Modeling_and_Validation.md",
    "html_url": "https://github.com/HuggingAGI/HuggingArxiv/blob/7a56c184b8d394c7530f9e600008302b39fe1858/papers/2024%E5%B9%B405%E6%9C%88/2024%E5%B9%B405%E6%9C%8810%E6%97%A5/Risks_of_Practicing_Large_Language_Models_in_Smart_Grid_Threat_Modeling_and_Validation.md",
    "download_url": null,
    "size": null,
    "sha": "64b9ae0e6b3ced29016548c8be1762a4caa25608",
    "downloaded": false
  },
  {
    "repository": "HuggingAGI/HuggingArxiv",
    "owner": "HuggingAGI",
    "path": "papers/2024年11月/2024年11月25日/ThreatModeling-LLM_Automating_Threat_Modeling_using_Large_Language_Models_for_Banking_System.md",
    "html_url": "https://github.com/HuggingAGI/HuggingArxiv/blob/7a56c184b8d394c7530f9e600008302b39fe1858/papers/2024%E5%B9%B411%E6%9C%88/2024%E5%B9%B411%E6%9C%8825%E6%97%A5/ThreatModeling-LLM_Automating_Threat_Modeling_using_Large_Language_Models_for_Banking_System.md",
    "download_url": null,
    "size": null,
    "sha": "f1f57f03a70bcea4828048620576519cf68b98c3",
    "downloaded": false
  },
  {
    "repository": "sleepydogX/PTClass2024",
    "owner": "sleepydogX",
    "path": "Class/Lab1.3 - ThreatModeling.md",
    "html_url": "https://github.com/sleepydogX/PTClass2024/blob/54e16117436ab99c5e2329e3aaf283f6ba3b5c6c/Class/Lab1.3%20-%20ThreatModeling.md",
    "download_url": null,
    "size": null,
    "sha": "2097da38eba55c5f1e913a8b288eb7a8950335a8",
    "downloaded": false
  },
  {
    "repository": "PedroKetzer/roadmap-appsec",
    "owner": "PedroKetzer",
    "path": "Threat Modelling/ThreatModelling.md",
    "html_url": "https://github.com/PedroKetzer/roadmap-appsec/blob/b8a7a5273b09ffdd579a5ccc6bd7e8d369b19948/Threat%20Modelling/ThreatModelling.md",
    "download_url": null,
    "size": null,
    "sha": "4fd59d47f5313171a2af63cfe7017cf167cb45bd",
    "downloaded": false
  }
]